Type,Name,Request Count,Failure Count,Median Response Time,Average Response Time,Min Response Time,Max Response Time,Average Content Size,Requests/s,Failures/s,50%,66%,75%,80%,90%,95%,98%,99%,99.9%,99.99%,100%
GET,/primes/19319?algorithm=bruteForce,38441,38441,160.0,169.48866343508223,22.56324300014967,5025.438507999752,152.96454306599725,641.63005405932,641.63005405932,160,200,230,240,270,290,350,390,1600,5000,5000
,Aggregated,38441,38441,160.0,169.48866343508223,22.56324300014967,5025.438507999752,152.96454306599725,641.63005405932,641.63005405932,160,200,230,240,270,290,350,390,1600,5000,5000
