Type,Name,Request Count,Failure Count,Median Response Time,Average Response Time,Min Response Time,Max Response Time,Average Content Size,Requests/s,Failures/s,50%,66%,75%,80%,90%,95%,98%,99%,99.9%,99.99%,100%
POST,/login,1990,250,4700.0,6411.48230145275,104.43565299988222,39678.89249399991,183.44221105527637,33.63743282187526,4.225808143451665,4700,5200,7700,9800,15000,15000,18000,21000,35000,40000,40000
,Aggregated,1990,250,4700.0,6411.48230145275,104.43565299988222,39678.89249399991,183.44221105527637,33.63743282187526,4.225808143451665,4700,5200,7700,9800,15000,15000,18000,21000,35000,40000,40000
