Type,Name,Request Count,Failure Count,Median Response Time,Average Response Time,Min Response Time,Max Response Time,Average Content Size,Requests/s,Failures/s,50%,66%,75%,80%,90%,95%,98%,99%,99.9%,99.99%,100%
GET,/primes/19319?algorithm=bruteForce,2161,0,610.0,801.7666500249859,7.96403900039877,4697.360803000265,11744.0,36.53404526672653,0.0,610,890,1000,1100,1600,2100,2800,3500,4600,4700,4700
,Aggregated,2161,0,610.0,801.7666500249859,7.96403900039877,4697.360803000265,11744.0,36.53404526672653,0.0,610,890,1000,1100,1600,2100,2800,3500,4600,4700,4700
