Type,Name,Request Count,Failure Count,Median Response Time,Average Response Time,Min Response Time,Max Response Time,Average Content Size,Requests/s,Failures/s,50%,66%,75%,80%,90%,95%,98%,99%,99.9%,99.99%,100%
GET,/primes/19319?algorithm=bruteForce,3156,0,86,89.18931255515439,8.785911999439122,3953.1162319999567,11744.0,54.096541214953156,0.0,86,93,98,100,110,120,160,210,2400,4000,4000
,Aggregated,3156,0,86,89.18931255515439,8.785911999439122,3953.1162319999567,11744.0,54.096541214953156,0.0,86,93,98,100,110,120,160,210,2400,4000,4000
