Type,Name,Request Count,Failure Count,Median Response Time,Average Response Time,Min Response Time,Max Response Time,Average Content Size,Requests/s,Failures/s,50%,66%,75%,80%,90%,95%,98%,99%,99.9%,99.99%,100%
GET,/primes/19319?algorithm=bruteForce,441,441,940.0,2114.3722919071,29.600036003103014,117973.09789099745,150.0,3.3398023768564693,3.3398023768564693,940,1200,1500,1900,2500,3600,17000,18000,118000,118000,118000
,Aggregated,441,441,940.0,2114.3722919071,29.600036003103014,117973.09789099745,150.0,3.3398023768564693,3.3398023768564693,940,1200,1500,1900,2500,3600,17000,18000,118000,118000,118000
