Type,Name,Request Count,Failure Count,Median Response Time,Average Response Time,Min Response Time,Max Response Time,Average Content Size,Requests/s,Failures/s,50%,66%,75%,80%,90%,95%,98%,99%,99.9%,99.99%,100%
POST,/login,971,38,7400.0,6977.214602552051,53.47365699890361,21999.959684000714,185.94335736354273,16.390622754243424,0.6414455866748199,7400,8000,8200,8700,13000,15000,15000,18000,22000,22000,22000
,Aggregated,971,38,7400.0,6977.214602552051,53.47365699890361,21999.959684000714,185.94335736354273,16.390622754243424,0.6414455866748199,7400,8000,8200,8700,13000,15000,15000,18000,22000,22000,22000
